url,label
https://paypal.com/account/settings,0
http://netflix-update-billing.ru/confirm?user=1,1
http://tcyfdvw10.amazon.top.account-suspended.info/verify,1
http://secure-netflix.verify-account.info/webscr?cmd=login,1
https://office.com/products,0
https://www.office.com/docs/api,0
http://bit.ly/m3fqukhphish,1
https://www.yahoo.com/account/settings,0
http://netflixsupport.top-alert.net/unlock/password,1
https://www.flipkart.com,0
https://who.int/search?q=example,0
http://apple-update-billing.ru/confirm?user=1,1
https://chase.com/login,0
http://dpq9ytxh8.paypal.ru.account-suspended.info/verify,1
https://www.un.org/blog/2024/article,0
http://g5jvepwu.microsoft.co.account-suspended.info/verify,1
https://icicibank.com/help/faq,0
http://icici-update-billing.ru/confirm?user=1,1
https://un.org/account/settings,0
http://bit.ly/9ke7j2sq8xphish,1
https://github.com/docs/api,0
http://instagram-41ze8oa.tk/secure/banking/confirm,1
http://facebook-secure-login.xyz/verify/account,1
https://www.hdfcbank.com/contact,0
https://un.org/user/profile,0
https://twitter.com/products,0
https://wikipedia.org/login,0
https://www.nytimes.com/account/settings,0
http://bit.ly/se05itpphish,1
http://em3ffzlse.netflix.ru.account-suspended.info/verify,1
http://secure-microsoft.verify-account.com/webscr?cmd=login,1
http://microsoft.top.security-alert.com/signin,1
http://amazon-jfytop.tk/secure/banking/confirm,1
http://secure-chase.verify-account.com/webscr?cmd=login,1
https://harvard.edu/login,0
https://wordpress.com/,0
https://yahoo.com/account/settings,0
http://amazon-uyas0yf9.tk/secure/banking/confirm,1
https://www.netflix.com/help/faq,0
https://who.int/login,0
http://paypal.xyz/tfptnk/login-verify-account-tfptnk,1
https://github.com/products,0
http://bankofamericasupport.top-alert.net/unlock/password,1
https://sbi.co.in,0
http://secure-wellsfargo.verify-account.com/webscr?cmd=login,1
http://bankofamerica.xyz.security-alert.com/signin,1
https://www.yahoo.com/about,0
http://192.168.57.245/paypal/login.php,1
https://www.google.com/user/profile,0
https://www.facebook.com/products,0
http://bit.ly/iqlusmf0xphish,1
https://www.python.org/products,0
https://www.chase.com/login,0
https://www.paypal.com/about,0
http://netflix.net.security-alert.com/signin,1
http://icici.net/l6qkv3eoyy/login-verify-account-l6qkv3eoyy,1
http://52vtjx.amazon.net.account-suspended.info/verify,1
https://www.wordpress.com/search?q=example,0
http://bit.ly/y5h598phish,1
https://www.reddit.com/products,0
https://linkedin.com/contact,0
http://netflixsupport.xyz-alert.net/unlock/password,1
https://www.mit.edu/contact,0
http://hdfc-update-billing.xyz/confirm?user=1,1
https://un.org/,0
http://secure-instagram.verify-account.xyz/webscr?cmd=login,1
https://www.microsoft.com,0
http://2b5jacyrjv.instagram.info.account-suspended.info/verify,1
https://icicibank.com/products,0
http://192.168.234.163/netflix/login.php,1
https://www.who.int/news/latest,0
https://wikipedia.org/store/item?id=1023,0
https://google.com/contact,0
https://www.amazon.com/,0
http://instagram.top.security-alert.com/signin,1
http://xi3mwrm.wellsfargo.net.account-suspended.info/verify,1
https://www.apple.com/products,0
https://www.twitter.com/store/item?id=1023,0
http://bit.ly/qjtaa7iphish,1
http://instagramsupport.co-alert.net/unlock/password,1
http://secure-wellsfargo.verify-account.xyz/webscr?cmd=login,1
https://sbi.co.in/docs/api,0
http://192.168.250.110/netflix/login.php,1
https://www.instagram.com/store/item?id=1023,0
http://instagram-update-billing.co/confirm?user=1,1
https://spotify.com/docs/api,0
http://paypal.info.security-alert.com/signin,1
https://stackoverflow.com/,0
http://apple.info/iiaebj51if/login-verify-account-iiaebj51if,1
https://www.flipkart.com/login,0
http://bankofamerica-9ndljdwcj.tk/secure/banking/confirm,1
http://1gkl9z6.netflix.co.account-suspended.info/verify,1
http://instagramsupport.ru-alert.net/unlock/password,1
https://www.facebook.com/docs/api,0
http://bit.ly/l9k5silu2phish,1
https://linkedin.com/user/profile,0
http://secure-amazon.verify-account.com/webscr?cmd=login,1
http://bit.ly/34oojqphish,1
http://55losmah.icici.xyz.account-suspended.info/verify,1
https://www.yahoo.com/user/profile,0
https://apple.com/contact,0
https://chase.com,0
https://www.python.org/help/faq,0
https://dropbox.com/login,0
http://chase-secure-login.info/verify/account,1
https://stackoverflow.com/search?q=example,0
https://google.com/store/item?id=1023,0
https://reddit.com/docs/api,0
http://hdfc.com.security-alert.com/signin,1
https://who.int/products,0
https://mit.edu/blog/2024/article,0
http://apple-update-billing.co/confirm?user=1,1
https://www.mozilla.org/contact,0
http://wellsfargosupport.com-alert.net/unlock/password,1
https://un.org/about,0
https://www.hdfcbank.com/products,0
https://www.wordpress.com/account/settings,0
http://microsoft.co.security-alert.com/signin,1
http://192.168.106.166/chase/login.php,1
http://amazon.com.security-alert.com/signin,1
http://icici.top.security-alert.com/signin,1
https://chase.com/search?q=example,0
http://192.168.255.2/amazon/login.php,1
https://apple.com/news/latest,0
https://www.instagram.com/blog/2024/article,0
https://hdfcbank.com/login,0
https://office.com/products,0
http://bit.ly/zlx3aphish,1
http://chase-update-billing.xyz/confirm?user=1,1
https://python.org/products,0
https://mit.edu/contact,0
https://nytimes.com/search?q=example,0
https://bbc.com/account/settings,0
https://gov.uk/account/settings,0
http://microsoft-update-billing.info/confirm?user=1,1
http://apple.info/lrr2j/login-verify-account-lrr2j,1
https://www.hdfcbank.com/search?q=example,0
http://icici-rs8r0meli.tk/secure/banking/confirm,1
http://192.168.82.210/netflix/login.php,1
http://paypal.xyz.security-alert.com/signin,1
http://microsoft-secure-login.com/verify/account,1
https://www.paypal.com/store/item?id=1023,0
http://bit.ly/5mubjdphish,1
https://irs.gov/store/item?id=1023,0
https://www.apple.com/about,0
https://www.netflix.com/news/latest,0
http://efkvouusrz.icici.xyz.account-suspended.info/verify,1
http://microsoft-secure-login.net/verify/account,1
http://192.168.253.211/bankofamerica/login.php,1
http://secure-wellsfargo.verify-account.top/webscr?cmd=login,1
https://nytimes.com/store/item?id=1023,0
http://netflix-secure-login.ru/verify/account,1
https://twitter.com/store/item?id=1023,0
https://gov.uk/contact,0
http://paypal.ru.security-alert.com/signin,1
https://instagram.com/login,0
https://mozilla.org/help/faq,0
http://instagram.com/caik/login-verify-account-caik,1
https://github.com/contact,0
https://hdfcbank.com/products,0
https://office.com/products,0
https://www.instagram.com/help/faq,0
https://un.org/user/profile,0
https://www.paypal.com/search?q=example,0
http://netflixsupport.ru-alert.net/unlock/password,1
https://www.icicibank.com/docs/api,0
http://bit.ly/uwe98stklphish,1
http://facebook.co/ve9l4uwnrl/login-verify-account-ve9l4uwnrl,1
http://icici-hqcetag.tk/secure/banking/confirm,1
https://mit.edu/contact,0
http://192.168.198.138/paypal/login.php,1
http://bankofamerica.co.security-alert.com/signin,1
http://bit.ly/ib4wtxi27vphish,1
https://un.org/,0
http://chase-secure-login.info/verify/account,1
http://apple-update-billing.net/confirm?user=1,1
https://www.instagram.com/news/latest,0
http://icicisupport.info-alert.net/unlock/password,1
https://wordpress.com/products,0
https://www.spotify.com/news/latest,0
http://wellsfargo.co/k05yw8y/login-verify-account-k05yw8y,1
https://www.salesforce.com/blog/2024/article,0
https://www.reddit.com/,0
http://secure-icici.verify-account.com/webscr?cmd=login,1
http://192.168.198.250/paypal/login.php,1
http://secure-icici.verify-account.net/webscr?cmd=login,1
https://www.irs.gov/about,0
https://www.stackoverflow.com/docs/api,0
https://chase.com,0
https://instagram.com/news/latest,0
https://www.bbc.com/user/profile,0
http://yjpchmb2.wellsfargo.net.account-suspended.info/verify,1
http://icici-update-billing.co/confirm?user=1,1
http://3ltfiu.amazon.info.account-suspended.info/verify,1
https://paypal.com/account/settings,0
https://www.chase.com/products,0
http://192.168.233.191/facebook/login.php,1
http://g1iq4ofs80.instagram.ru.account-suspended.info/verify,1
https://www.irs.gov/search?q=example,0
http://facebook-mlgk8uut.tk/secure/banking/confirm,1
http://apple-secure-login.ru/verify/account,1
https://nasa.gov/user/profile,0
http://facebook.ru/hidkg/login-verify-account-hidkg,1
http://bit.ly/fxvlhzz3rphish,1
https://www.hdfcbank.com/docs/api,0
http://instagram-g3gih.tk/secure/banking/confirm,1
https://www.cnn.com/news/latest,0
http://bankofamerica-id714.tk/secure/banking/confirm,1
https://www.microsoft.com/news/latest,0
https://amazon.com/help/faq,0
http://facebook-secure-login.ru/verify/account,1
http://icici-195dw.tk/secure/banking/confirm,1
https://microsoft.com/user/profile,0
http://microsoft.top.security-alert.com/signin,1
http://netflix.co/gia9k04/login-verify-account-gia9k04,1
http://amazon-update-billing.com/confirm?user=1,1
https://stackoverflow.com/,0
http://chase-update-billing.top/confirm?user=1,1
https://gov.uk/user/profile,0
http://apple.xyz.security-alert.com/signin,1
http://192.168.188.153/wellsfargo/login.php,1
https://www.nasa.gov/news/latest,0
https://www.netflix.com/,0
https://microsoft.com/contact,0
http://bit.ly/fz63phish,1
https://www.irs.gov,0
http://icici-secure-login.co/verify/account,1
http://192.168.85.190/instagram/login.php,1
https://www.nytimes.com/news/latest,0
http://icici-secure-login.top/verify/account,1
http://icici.net/b9of/login-verify-account-b9of,1
https://www.sbi.co.in,0
https://adobe.com/login,0
https://www.gov.uk/user/profile,0
http://secure-bankofamerica.verify-account.xyz/webscr?cmd=login,1
https://www.bbc.com/account/settings,0
https://harvard.edu/login,0
https://sbi.co.in/login,0
http://192.168.155.222/wellsfargo/login.php,1
https://yahoo.com/products,0
https://mit.edu/account/settings,0
http://paypalsupport.com-alert.net/unlock/password,1
http://hdfc.info/jtxa99jhc/login-verify-account-jtxa99jhc,1
http://facebook-secure-login.net/verify/account,1
http://bit.ly/2o8pt4mx23phish,1
https://harvard.edu/help/faq,0
https://hdfcbank.com/products,0
http://paypal.xyz.security-alert.com/signin,1
https://salesforce.com/about,0
https://www.chase.com,0
https://www.linkedin.com,0
http://facebook-c3y7h.tk/secure/banking/confirm,1
http://chase-zll1z.tk/secure/banking/confirm,1
https://hdfcbank.com/news/latest,0
http://apple-secure-login.info/verify/account,1
http://ywbi4.facebook.xyz.account-suspended.info/verify,1
https://www.chase.com/about,0
https://www.hdfcbank.com/products,0
https://www.wikipedia.org/user/profile,0
http://bit.ly/xqbwewpphish,1
http://jxfpk5fvd.instagram.xyz.account-suspended.info/verify,1
http://bit.ly/097iypqphish,1
https://www.netflix.com/user/profile,0
http://192.168.67.47/instagram/login.php,1
https://icicibank.com/contact,0
https://cnn.com/search?q=example,0
http://amazon-vh6q8q.tk/secure/banking/confirm,1
http://apple.top.security-alert.com/signin,1
https://dropbox.com/products,0
http://bankofamerica-9lsg4.tk/secure/banking/confirm,1
http://amazonsupport.top-alert.net/unlock/password,1
http://amazonsupport.xyz-alert.net/unlock/password,1
http://hdfc.xyz.security-alert.com/signin,1
http://facebook-update-billing.xyz/confirm?user=1,1
http://bit.ly/v47tuphish,1
https://www.nasa.gov/account/settings,0
https://www.harvard.edu/about,0
https://www.linkedin.com/search?q=example,0
https://flipkart.com/store/item?id=1023,0
http://secure-hdfc.verify-account.top/webscr?cmd=login,1
http://bit.ly/mic1fphish,1
http://bankofamerica-update-billing.info/confirm?user=1,1
http://facebook.top/q81xrz/login-verify-account-q81xrz,1
https://www.cnn.com/,0
http://bit.ly/6pjsphish,1
http://amazonsupport.co-alert.net/unlock/password,1
http://192.168.147.7/instagram/login.php,1
http://instagram.ru/ph6h7/login-verify-account-ph6h7,1
https://www.github.com/blog/2024/article,0
http://facebook.ru.security-alert.com/signin,1
http://secure-bankofamerica.verify-account.top/webscr?cmd=login,1
http://amazon-secure-login.com/verify/account,1
http://secure-amazon.verify-account.info/webscr?cmd=login,1
https://netflix.com/help/faq,0
http://hdfc-nwn06j.tk/secure/banking/confirm,1
http://192.168.227.69/apple/login.php,1
https://www.twitter.com/products,0
https://www.icicibank.com,0
http://2xx2e.paypal.top.account-suspended.info/verify,1
http://bit.ly/vf6lcp2277phish,1
http://bit.ly/jesg6phish,1
http://7ormbf82.facebook.net.account-suspended.info/verify,1
https://www.mozilla.org/products,0
http://hdfc-secure-login.xyz/verify/account,1
https://netflix.com/news/latest,0
http://chasesupport.info-alert.net/unlock/password,1
http://bit.ly/yujtgphish,1
http://instagram-secure-login.top/verify/account,1
http://secure-instagram.verify-account.ru/webscr?cmd=login,1
https://amazon.com/account/settings,0
https://flipkart.com/products,0
http://apple-update-billing.com/confirm?user=1,1
https://www.office.com/login,0
https://wikipedia.org/blog/2024/article,0
http://192.168.140.107/netflix/login.php,1
http://microsoft.co/knwdqhd/login-verify-account-knwdqhd,1
https://www.sbi.co.in/login,0
http://chasesupport.net-alert.net/unlock/password,1
http://paypal.info.security-alert.com/signin,1
http://bit.ly/0d7tu98phish,1
http://bit.ly/54ta1soa9phish,1
http://bit.ly/l38v8wphish,1
https://bbc.com/search?q=example,0
https://wikipedia.org/about,0
http://secure-microsoft.verify-account.top/webscr?cmd=login,1
https://wikipedia.org,0
http://microsoftsupport.xyz-alert.net/unlock/password,1
http://amazon-secure-login.xyz/verify/account,1
http://secure-facebook.verify-account.top/webscr?cmd=login,1
http://hdfcsupport.co-alert.net/unlock/password,1
https://www.wikipedia.org/user/profile,0
http://icici-update-billing.co/confirm?user=1,1
https://ebay.com/,0
https://www.amazon.com/search?q=example,0
https://www.salesforce.com,0
https://un.org/docs/api,0
https://www.instagram.com/login,0
http://hdfc-secure-login.ru/verify/account,1
http://wellsfargosupport.info-alert.net/unlock/password,1
http://192.168.107.222/facebook/login.php,1
http://paypal-update-billing.com/confirm?user=1,1
http://apple-update-billing.info/confirm?user=1,1
http://facebook-pf322f5.tk/secure/banking/confirm,1
http://bit.ly/zm97ppephish,1
http://wellsfargosupport.com-alert.net/unlock/password,1
http://bit.ly/8slljphish,1
http://bankofamerica.top/sb7x6625c/login-verify-account-sb7x6625c,1
https://instagram.com/news/latest,0
https://www.dropbox.com/store/item?id=1023,0
http://facebook-secure-login.com/verify/account,1
http://paypal.co/h236i5a7d9/login-verify-account-h236i5a7d9,1
https://www.ebay.com/docs/api,0
http://amazon-update-billing.net/confirm?user=1,1
https://wikipedia.org/docs/api,0
https://www.spotify.com/search?q=example,0
https://amazon.com/help/faq,0
http://bankofamericasupport.xyz-alert.net/unlock/password,1
http://bit.ly/aoqtrphish,1
http://paypal-secure-login.info/verify/account,1
http://wellsfargo.ru.security-alert.com/signin,1
https://www.paypal.com/search?q=example,0
http://192.168.178.165/bankofamerica/login.php,1
http://192.168.138.52/chase/login.php,1
http://wellsfargo-70h0.tk/secure/banking/confirm,1
https://www.office.com/account/settings,0
http://apple-etz4.tk/secure/banking/confirm,1
http://192.168.232.252/instagram/login.php,1
https://harvard.edu/,0
https://salesforce.com,0
http://chasesupport.top-alert.net/unlock/password,1
https://www.instagram.com/,0
http://mms2lell.hdfc.co.account-suspended.info/verify,1
https://linkedin.com,0
https://who.int/contact,0
http://ooobwf4i.icici.info.account-suspended.info/verify,1
https://www.linkedin.com/store/item?id=1023,0
https://www.nasa.gov/search?q=example,0
http://bankofamerica.info.security-alert.com/signin,1
http://hdfcsupport.ru-alert.net/unlock/password,1
https://google.com/user/profile,0
http://secure-apple.verify-account.ru/webscr?cmd=login,1
https://nytimes.com/user/profile,0
https://ebay.com/products,0
https://www.harvard.edu/help/faq,0
https://www.instagram.com/products,0
http://instagram-hd96.tk/secure/banking/confirm,1
https://www.yahoo.com/user/profile,0
https://www.google.com/blog/2024/article,0
http://secure-chase.verify-account.com/webscr?cmd=login,1
http://facebooksupport.top-alert.net/unlock/password,1
http://chasesupport.xyz-alert.net/unlock/password,1
http://192.168.241.250/facebook/login.php,1
http://chase.top.security-alert.com/signin,1
https://office.com/search?q=example,0
https://nytimes.com/docs/api,0
http://9qx22za.hdfc.net.account-suspended.info/verify,1
https://who.int/news/latest,0
http://e8t582b.microsoft.xyz.account-suspended.info/verify,1
http://secure-paypal.verify-account.co/webscr?cmd=login,1
https://www.python.org/products,0
https://www.twitter.com/blog/2024/article,0
https://www.irs.gov/user/profile,0
https://www.apple.com/about,0
http://192.168.193.183/instagram/login.php,1
https://mit.edu/,0
https://wikipedia.org/docs/api,0
http://microsoft-update-billing.ru/confirm?user=1,1
http://paypal.xyz/u1z0/login-verify-account-u1z0,1
https://www.office.com/login,0
https://paypal.com/news/latest,0
http://secure-netflix.verify-account.top/webscr?cmd=login,1
https://www.mit.edu/blog/2024/article,0
http://instagram-update-billing.info/confirm?user=1,1
https://mit.edu/search?q=example,0
http://jklk2c0.apple.top.account-suspended.info/verify,1
https://www.dropbox.com,0
http://instagram.info/85w6uyr/login-verify-account-85w6uyr,1
https://www.adobe.com,0
https://www.harvard.edu/contact,0
https://flipkart.com/,0
http://netflix.co/phbl57/login-verify-account-phbl57,1
https://www.amazon.com/user/profile,0
http://192.168.254.233/instagram/login.php,1
http://icici.xyz/8l4ebe/login-verify-account-8l4ebe,1
http://secure-wellsfargo.verify-account.xyz/webscr?cmd=login,1
http://microsoft-secure-login.top/verify/account,1
http://microsoft.co.security-alert.com/signin,1
http://s54s.netflix.com.account-suspended.info/verify,1
http://bit.ly/y1lyfspephish,1
http://192.168.15.143/paypal/login.php,1
http://bit.ly/q7mw0phish,1
https://www.youtube.com/about,0
https://yahoo.com/account/settings,0
https://www.google.com/contact,0
http://ccciv473.hdfc.xyz.account-suspended.info/verify,1
https://www.spotify.com/login,0
https://irs.gov/store/item?id=1023,0
https://www.wikipedia.org/products,0
https://www.adobe.com/login,0
https://www.un.org/about,0
https://www.dropbox.com/store/item?id=1023,0
https://www.github.com/account/settings,0
https://www.paypal.com/search?q=example,0
http://bit.ly/s0l5pbhr5phish,1
http://icici-5vdcg3bh.tk/secure/banking/confirm,1
https://www.office.com/store/item?id=1023,0
https://www.twitter.com/,0
http://instagramsupport.top-alert.net/unlock/password,1
http://hdfc.xyz/9rhigzxv9x/login-verify-account-9rhigzxv9x,1
http://bankofamerica-update-billing.ru/confirm?user=1,1
https://www.github.com/contact,0
http://paypal-secure-login.ru/verify/account,1
https://www.hdfcbank.com/news/latest,0
https://www.bbc.com/,0
https://chase.com/user/profile,0
http://192.168.25.243/bankofamerica/login.php,1
https://www.mit.edu/store/item?id=1023,0
http://secure-bankofamerica.verify-account.co/webscr?cmd=login,1
http://amazon-update-billing.info/confirm?user=1,1
https://www.google.com/account/settings,0
http://192.168.3.211/apple/login.php,1
https://www.microsoft.com/account/settings,0
https://bbc.com/blog/2024/article,0
https://flipkart.com/about,0
https://office.com/help/faq,0
http://bankofamericasupport.co-alert.net/unlock/password,1
http://instagram.ru.security-alert.com/signin,1
http://192.168.138.211/chase/login.php,1
https://python.org,0
http://secure-netflix.verify-account.com/webscr?cmd=login,1
http://silazc.apple.xyz.account-suspended.info/verify,1
https://yahoo.com/news/latest,0
https://www.instagram.com/news/latest,0
https://www.facebook.com/products,0
http://chase.info/639lb7l5/login-verify-account-639lb7l5,1
https://harvard.edu/login,0
http://amazon-ihrv707.tk/secure/banking/confirm,1
http://192.168.95.7/hdfc/login.php,1
https://flipkart.com/contact,0
https://hdfcbank.com/news/latest,0
http://apple-oe6rn.tk/secure/banking/confirm,1
http://microsoft-update-billing.ru/confirm?user=1,1
https://nasa.gov/contact,0
https://amazon.com/news/latest,0
https://www.un.org/store/item?id=1023,0
https://salesforce.com/account/settings,0
https://apple.com,0
https://www.twitter.com/contact,0
http://bankofamericasupport.info-alert.net/unlock/password,1
http://chase.xyz/4dakf51v/login-verify-account-4dakf51v,1
https://www.adobe.com/about,0
https://icicibank.com/search?q=example,0
https://www.microsoft.com/login,0
https://www.irs.gov/blog/2024/article,0
http://secure-icici.verify-account.co/webscr?cmd=login,1
http://chase-secure-login.xyz/verify/account,1
http://secure-amazon.verify-account.top/webscr?cmd=login,1
https://www.amazon.com/about,0
http://bankofamerica.xyz/exqp5m3git/login-verify-account-exqp5m3git,1
https://yahoo.com/,0
https://www.irs.gov/news/latest,0
http://microsoft.ru.security-alert.com/signin,1
http://apple-fowot0.tk/secure/banking/confirm,1
http://secure-icici.verify-account.info/webscr?cmd=login,1
http://wellsfargo-ke5upvr.tk/secure/banking/confirm,1
https://gov.uk/docs/api,0
https://sbi.co.in/about,0
https://www.icicibank.com/contact,0
https://nytimes.com/store/item?id=1023,0
http://0g6hs.icici.co.account-suspended.info/verify,1
http://instagram-update-billing.com/confirm?user=1,1
http://paypal-secure-login.top/verify/account,1
https://www.spotify.com/docs/api,0
http://pd7oo.instagram.top.account-suspended.info/verify,1
https://mozilla.org/docs/api,0
https://www.stackoverflow.com,0
https://www.ebay.com/products,0
https://www.dropbox.com/help/faq,0
https://www.microsoft.com/news/latest,0
http://hdfc.top.security-alert.com/signin,1
https://www.icicibank.com/docs/api,0
http://bit.ly/55oibgphish,1
https://cnn.com/contact,0
http://paypal-9whsbp1zu.tk/secure/banking/confirm,1
http://chase.net/yl84po/login-verify-account-yl84po,1
https://apple.com/blog/2024/article,0
https://www.office.com/contact,0
http://bit.ly/55x7rphish,1
http://192.168.7.88/wellsfargo/login.php,1
https://www.python.org/user/profile,0
https://www.google.com/store/item?id=1023,0
http://amazon.top/4jnat0/login-verify-account-4jnat0,1
https://www.gov.uk/docs/api,0
https://www.salesforce.com/store/item?id=1023,0
http://ple5h3u9g.netflix.top.account-suspended.info/verify,1
http://bankofamerica.com.security-alert.com/signin,1
http://bankofamerica-secure-login.ru/verify/account,1
https://www.wordpress.com/help/faq,0
http://192.168.206.219/icici/login.php,1
http://c46c.paypal.xyz.account-suspended.info/verify,1
https://www.facebook.com/blog/2024/article,0
http://zetkpy8vyi.apple.ru.account-suspended.info/verify,1
https://www.netflix.com/news/latest,0
http://microsoft-update-billing.co/confirm?user=1,1
https://office.com/about,0
https://chase.com/about,0
http://192.168.210.187/chase/login.php,1
https://stackoverflow.com/contact,0
http://v33b4.wellsfargo.ru.account-suspended.info/verify,1
http://secure-bankofamerica.verify-account.net/webscr?cmd=login,1
http://wellsfargo.co.security-alert.com/signin,1
http://chase-secure-login.com/verify/account,1
http://bankofamerica-secure-login.top/verify/account,1
http://icicisupport.com-alert.net/unlock/password,1
http://uuj2e42t.facebook.co.account-suspended.info/verify,1
http://chase.xyz.security-alert.com/signin,1
https://www.flipkart.com/,0
http://netflix.com/8iunclveh/login-verify-account-8iunclveh,1
https://www.gov.uk/contact,0
http://icici.co/sdl52am7/login-verify-account-sdl52am7,1
https://www.bbc.com/user/profile,0
http://netflix-secure-login.top/verify/account,1
https://dropbox.com/blog/2024/article,0
http://bit.ly/0fm2n057xphish,1
http://chase-bxpue.tk/secure/banking/confirm,1
https://www.mit.edu/blog/2024/article,0
http://microsoft-ptc2.tk/secure/banking/confirm,1
https://flipkart.com,0
https://www.flipkart.com/account/settings,0
http://facebook-stg4evru.tk/secure/banking/confirm,1
https://www.twitter.com/login,0
https://www.harvard.edu/,0
http://chase.co.security-alert.com/signin,1
http://icicisupport.com-alert.net/unlock/password,1
http://192.168.33.192/instagram/login.php,1
https://github.com/contact,0
http://secure-wellsfargo.verify-account.co/webscr?cmd=login,1
http://onr06.microsoft.ru.account-suspended.info/verify,1
https://www.mit.edu/help/faq,0
https://who.int/account/settings,0
http://apple.com/qp2px3/login-verify-account-qp2px3,1
https://who.int,0
https://wikipedia.org/news/latest,0
https://nytimes.com/help/faq,0
http://apple-3178tw48.tk/secure/banking/confirm,1
http://microsoft-secure-login.com/verify/account,1
https://microsoft.com/help/faq,0
https://www.twitter.com/account/settings,0
http://bit.ly/v0wsskcphish,1
http://facebook-9jsu0uhg7e.tk/secure/banking/confirm,1
https://www.salesforce.com/user/profile,0
https://yahoo.com/blog/2024/article,0
http://instagram-secure-login.co/verify/account,1
https://linkedin.com/products,0
http://instagram-hsxooi.tk/secure/banking/confirm,1
http://192.168.145.213/paypal/login.php,1
http://secure-chase.verify-account.com/webscr?cmd=login,1
http://192.168.121.162/amazon/login.php,1
https://dropbox.com/,0
http://secure-icici.verify-account.top/webscr?cmd=login,1
https://netflix.com/help/faq,0
https://apple.com/search?q=example,0
http://instagram-o2xz36jw.tk/secure/banking/confirm,1
http://wellsfargo.com/qua7/login-verify-account-qua7,1
https://irs.gov/store/item?id=1023,0
https://mozilla.org/,0
https://wikipedia.org/search?q=example,0
https://cnn.com/products,0
http://hdfc.top/fwonvvx/login-verify-account-fwonvvx,1
http://bit.ly/0948npphish,1
http://microsoft-update-billing.ru/confirm?user=1,1
http://netflix.com/h8aecew/login-verify-account-h8aecew,1
https://hdfcbank.com/products,0
http://instagram-update-billing.xyz/confirm?user=1,1
https://www.adobe.com/products,0
https://google.com/login,0
https://www.wordpress.com/blog/2024/article,0
https://irs.gov/login,0
https://www.mit.edu/blog/2024/article,0
http://secure-netflix.verify-account.top/webscr?cmd=login,1
https://www.spotify.com/store/item?id=1023,0
https://microsoft.com/docs/api,0
https://www.ebay.com/contact,0
http://icicisupport.com-alert.net/unlock/password,1
http://bankofamerica.co.security-alert.com/signin,1
https://www.instagram.com/search?q=example,0
http://wellsfargosupport.top-alert.net/unlock/password,1
http://chase.top/l4im9/login-verify-account-l4im9,1
https://adobe.com/blog/2024/article,0
https://google.com/help/faq,0
https://github.com/news/latest,0
http://secure-bankofamerica.verify-account.top/webscr?cmd=login,1
https://www.github.com/blog/2024/article,0
http://secure-apple.verify-account.top/webscr?cmd=login,1
https://www.mozilla.org/docs/api,0
http://4yevn.microsoft.top.account-suspended.info/verify,1
http://192.168.169.245/paypal/login.php,1
https://www.stackoverflow.com/user/profile,0
https://twitter.com/login,0
http://bit.ly/l9cymphish,1
http://bit.ly/h0tb4qphish,1
http://netflix-kxkqgho.tk/secure/banking/confirm,1
http://secure-apple.verify-account.top/webscr?cmd=login,1
https://www.netflix.com/blog/2024/article,0
https://irs.gov/blog/2024/article,0
https://netflix.com/contact,0
https://adobe.com/account/settings,0
https://salesforce.com/news/latest,0
https://microsoft.com/about,0
http://bit.ly/l36192yphish,1
https://www.harvard.edu/account/settings,0
https://www.who.int/blog/2024/article,0
https://mit.edu/help/faq,0
https://www.stackoverflow.com/store/item?id=1023,0
https://wikipedia.org/store/item?id=1023,0
https://www.github.com/search?q=example,0
http://icici.ru.security-alert.com/signin,1
http://applesupport.xyz-alert.net/unlock/password,1
http://bit.ly/25pfphish,1
http://192.168.210.226/chase/login.php,1
http://secure-facebook.verify-account.com/webscr?cmd=login,1
https://www.mozilla.org/,0
https://www.gov.uk/help/faq,0
http://applesupport.co-alert.net/unlock/password,1
https://www.mozilla.org/docs/api,0
http://amazonsupport.com-alert.net/unlock/password,1
https://www.un.org/,0
https://office.com/user/profile,0
https://sbi.co.in/contact,0
http://apple-02bsme.tk/secure/banking/confirm,1
http://wbfjrwwk6.microsoft.net.account-suspended.info/verify,1
http://facebook-secure-login.co/verify/account,1
https://facebook.com/news/latest,0
http://apple.info/xzxczd9mx/login-verify-account-xzxczd9mx,1
http://apple.co/9k2pci/login-verify-account-9k2pci,1
http://apple.co/kue98hlu/login-verify-account-kue98hlu,1
https://instagram.com/account/settings,0
http://bankofamerica-3596hhr8x8.tk/secure/banking/confirm,1
https://www.instagram.com,0
https://salesforce.com/user/profile,0
http://icici-qdxoean5.tk/secure/banking/confirm,1
https://ebay.com/blog/2024/article,0
http://bit.ly/t59glfri8mphish,1
https://instagram.com/account/settings,0
http://amazon-update-billing.xyz/confirm?user=1,1
https://www.icicibank.com/help/faq,0
http://apple-zq5y.tk/secure/banking/confirm,1
https://www.apple.com/news/latest,0
http://icicisupport.xyz-alert.net/unlock/password,1
https://www.flipkart.com/login,0
https://www.un.org/store/item?id=1023,0
http://tuxy.netflix.com.account-suspended.info/verify,1
http://ahw2ppcu.hdfc.xyz.account-suspended.info/verify,1
http://hdfc-g1p4wyj9d.tk/secure/banking/confirm,1
https://www.icicibank.com/search?q=example,0
https://www.python.org/user/profile,0
http://192.168.148.149/netflix/login.php,1
https://www.spotify.com/blog/2024/article,0
http://chase-4p4tfzc67.tk/secure/banking/confirm,1
https://chase.com/contact,0
https://www.flipkart.com/account/settings,0
http://bankofamerica-secure-login.ru/verify/account,1
http://192.168.250.201/microsoft/login.php,1
http://wejrbvy8ky.facebook.info.account-suspended.info/verify,1
https://www.salesforce.com/contact,0
https://www.amazon.com/contact,0
http://amazon-update-billing.ru/confirm?user=1,1
http://bit.ly/do3v94x2hgphish,1
http://bit.ly/rdjgfw80o9phish,1
https://www.hdfcbank.com/news/latest,0
http://bit.ly/7y6kphish,1
https://twitter.com/news/latest,0
https://nasa.gov/,0
http://0lf7xe78.netflix.net.account-suspended.info/verify,1
https://wikipedia.org/help/faq,0
http://icici-u9ux01.tk/secure/banking/confirm,1
http://instagram.xyz/rzw4z5/login-verify-account-rzw4z5,1
http://amazonsupport.com-alert.net/unlock/password,1
http://bit.ly/qyp2phish,1
https://gov.uk/login,0
http://instagram.net.security-alert.com/signin,1
https://www.salesforce.com/help/faq,0
https://gov.uk/docs/api,0
http://microsoft.ru.security-alert.com/signin,1
https://twitter.com/contact,0
http://hdfc-update-billing.com/confirm?user=1,1
http://bit.ly/8mxaphish,1
http://amazon-secure-login.info/verify/account,1
http://secure-bankofamerica.verify-account.net/webscr?cmd=login,1
https://salesforce.com/docs/api,0
https://www.icicibank.com/user/profile,0
https://ebay.com/login,0
https://www.bbc.com/docs/api,0
http://wellsfargo-update-billing.info/confirm?user=1,1
https://apple.com/contact,0
https://mit.edu/products,0
http://e237wi.amazon.net.account-suspended.info/verify,1
http://microsoft.xyz/e45d1/login-verify-account-e45d1,1
http://paypal-3stu.tk/secure/banking/confirm,1
http://instagramsupport.net-alert.net/unlock/password,1
http://39c2mu4.icici.top.account-suspended.info/verify,1
https://www.ebay.com/docs/api,0
http://paypal.info/f540v1gkq6/login-verify-account-f540v1gkq6,1
http://bankofamerica-secure-login.info/verify/account,1
http://instagramsupport.net-alert.net/unlock/password,1
https://www.instagram.com/store/item?id=1023,0
http://secure-microsoft.verify-account.net/webscr?cmd=login,1
https://google.com/about,0
https://www.instagram.com/account/settings,0
http://paypal-update-billing.ru/confirm?user=1,1
http://icici-4e8td.tk/secure/banking/confirm,1
http://192.168.57.179/instagram/login.php,1
https://www.python.org/user/profile,0
http://netflix-secure-login.net/verify/account,1
https://www.wikipedia.org/,0
https://www.dropbox.com/products,0
http://netflix.co.security-alert.com/signin,1
https://www.reddit.com/search?q=example,0
https://www.office.com/docs/api,0
https://www.google.com/search?q=example,0
http://netflix.top.security-alert.com/signin,1
http://secure-amazon.verify-account.net/webscr?cmd=login,1
http://secure-microsoft.verify-account.top/webscr?cmd=login,1
https://www.stackoverflow.com,0
https://www.gov.uk/,0
http://hdfc.xyz/pkyyoqf/login-verify-account-pkyyoqf,1
https://python.org/,0
http://paypal.info/3xf1g/login-verify-account-3xf1g,1
https://www.bbc.com/blog/2024/article,0
http://192.168.18.150/paypal/login.php,1
https://www.adobe.com/user/profile,0
https://icicibank.com/user/profile,0
http://gggs8w0qy5.icici.top.account-suspended.info/verify,1
https://github.com/about,0
https://www.instagram.com/blog/2024/article,0
http://bit.ly/boscphish,1
http://facebook-secure-login.com/verify/account,1
https://www.paypal.com/,0
http://192.168.251.191/amazon/login.php,1
https://un.org/news/latest,0
http://ztvo.chase.top.account-suspended.info/verify,1
https://sbi.co.in/contact,0
https://salesforce.com,0
http://apple-update-billing.info/confirm?user=1,1
http://ok2ecsbuq.facebook.ru.account-suspended.info/verify,1
http://facebooksupport.xyz-alert.net/unlock/password,1
http://icici-update-billing.net/confirm?user=1,1
http://secure-bankofamerica.verify-account.xyz/webscr?cmd=login,1
https://irs.gov/search?q=example,0
https://apple.com/login,0
https://spotify.com/contact,0
https://www.bbc.com/contact,0
https://www.mit.edu/news/latest,0
http://apple-secure-login.co/verify/account,1
http://netflix-update-billing.xyz/confirm?user=1,1
http://192.168.13.203/chase/login.php,1
https://www.ebay.com,0
https://linkedin.com/user/profile,0
https://yahoo.com/,0
https://www.facebook.com,0
https://www.chase.com/news/latest,0
http://microsoft.top.security-alert.com/signin,1
http://wellsfargo-secure-login.net/verify/account,1
http://secure-netflix.verify-account.info/webscr?cmd=login,1
https://www.salesforce.com/news/latest,0
http://192.168.195.179/icici/login.php,1
https://office.com/docs/api,0
https://www.mozilla.org/store/item?id=1023,0
http://ra1ppu1.wellsfargo.ru.account-suspended.info/verify,1
http://icicisupport.net-alert.net/unlock/password,1
https://www.gov.uk/,0
https://wordpress.com/products,0
https://spotify.com/blog/2024/article,0
http://instagram-update-billing.top/confirm?user=1,1
http://apple-lj4wc.tk/secure/banking/confirm,1
http://paypal.ru.security-alert.com/signin,1
https://www.who.int/account/settings,0
https://www.dropbox.com/docs/api,0
http://bankofamerica.com.security-alert.com/signin,1
http://192.168.209.135/icici/login.php,1
https://www.linkedin.com/news/latest,0
https://www.ebay.com/login,0
http://chase.co/gkexmvmz/login-verify-account-gkexmvmz,1
http://facebook.co.security-alert.com/signin,1
http://hdfc-update-billing.xyz/confirm?user=1,1
https://python.org/,0
http://chase-update-billing.co/confirm?user=1,1
https://wordpress.com/,0
https://sbi.co.in,0
http://secure-amazon.verify-account.co/webscr?cmd=login,1
http://apple-ligyu6y0.tk/secure/banking/confirm,1
https://www.sbi.co.in/news/latest,0
https://irs.gov/user/profile,0
https://yahoo.com/account/settings,0
https://cnn.com/search?q=example,0
http://secure-instagram.verify-account.ru/webscr?cmd=login,1
https://mit.edu/blog/2024/article,0
http://chase.com/4z8608c/login-verify-account-4z8608c,1
https://www.sbi.co.in/store/item?id=1023,0
https://instagram.com/news/latest,0
https://ebay.com/login,0
http://secure-icici.verify-account.info/webscr?cmd=login,1
http://bankofamerica-jimv.tk/secure/banking/confirm,1
https://www.sbi.co.in/user/profile,0
https://www.github.com/user/profile,0
https://www.wikipedia.org/contact,0
https://netflix.com,0
http://chase.co/mvo8/login-verify-account-mvo8,1
http://secure-instagram.verify-account.ru/webscr?cmd=login,1
http://netflixsupport.co-alert.net/unlock/password,1
https://www.python.org/news/latest,0
https://www.wordpress.com/search?q=example,0
https://chase.com/products,0
http://wellsfargo-secure-login.co/verify/account,1
http://bq90s.microsoft.co.account-suspended.info/verify,1
http://netflixsupport.top-alert.net/unlock/password,1
http://hdfc.ru/h7jt/login-verify-account-h7jt,1
https://youtube.com/,0
http://192.168.45.181/amazon/login.php,1
http://icici.co/9u3bdl2iaz/login-verify-account-9u3bdl2iaz,1
http://apple.net/tr5jek/login-verify-account-tr5jek,1
http://192.168.166.141/icici/login.php,1
http://uptj7o0t.netflix.top.account-suspended.info/verify,1
https://twitter.com/products,0
http://hdfc-update-billing.top/confirm?user=1,1
http://secure-microsoft.verify-account.info/webscr?cmd=login,1
http://facebook.com/fj41feqoxf/login-verify-account-fj41feqoxf,1
https://twitter.com/account/settings,0
http://hdfcsupport.com-alert.net/unlock/password,1
https://www.harvard.edu/docs/api,0
https://www.google.com/search?q=example,0
https://www.twitter.com/news/latest,0
https://www.apple.com/products,0
https://mozilla.org/account/settings,0
https://www.chase.com/store/item?id=1023,0
https://www.instagram.com/docs/api,0
http://hdfcsupport.com-alert.net/unlock/password,1
http://microsoftsupport.net-alert.net/unlock/password,1
https://flipkart.com/login,0
http://paypal.xyz.security-alert.com/signin,1
https://www.linkedin.com/login,0
https://www.stackoverflow.com/about,0
http://secure-microsoft.verify-account.co/webscr?cmd=login,1
http://bit.ly/556q8v88bphish,1
https://www.office.com/help/faq,0
https://www.who.int/blog/2024/article,0
https://un.org/docs/api,0
http://hdfcsupport.com-alert.net/unlock/password,1
https://instagram.com/store/item?id=1023,0
http://l5ftw0a9.instagram.com.account-suspended.info/verify,1
https://www.bbc.com/search?q=example,0
http://secure-icici.verify-account.net/webscr?cmd=login,1
https://www.un.org/login,0
http://facebook-vu57923.tk/secure/banking/confirm,1
https://hdfcbank.com/docs/api,0
https://www.icicibank.com/search?q=example,0
https://www.office.com/account/settings,0
https://www.mozilla.org/,0
https://spotify.com/products,0
https://www.wordpress.com/store/item?id=1023,0
https://bbc.com/store/item?id=1023,0
https://www.youtube.com/,0
https://chase.com/store/item?id=1023,0
http://taton.paypal.top.account-suspended.info/verify,1
http://secure-amazon.verify-account.com/webscr?cmd=login,1
http://paypalsupport.xyz-alert.net/unlock/password,1
http://bit.ly/swi6gphish,1
http://192.168.232.67/netflix/login.php,1
https://bbc.com/docs/api,0
http://bankofamerica.xyz/iogrp/login-verify-account-iogrp,1
http://hdfc.co.security-alert.com/signin,1
http://icicisupport.co-alert.net/unlock/password,1
https://netflix.com/contact,0
https://www.mit.edu/user/profile,0
https://www.microsoft.com/contact,0
http://secure-amazon.verify-account.co/webscr?cmd=login,1
http://bit.ly/w1rdphish,1
https://www.microsoft.com/news/latest,0
http://facebook.ru/3h73u/login-verify-account-3h73u,1
http://4302f.wellsfargo.net.account-suspended.info/verify,1
http://bit.ly/itkrfphish,1
https://www.facebook.com,0
http://lhlqs3e3r.apple.xyz.account-suspended.info/verify,1
https://chase.com/,0
https://mit.edu/news/latest,0
https://flipkart.com/news/latest,0
http://hdfc-x994q.tk/secure/banking/confirm,1
https://adobe.com/news/latest,0
http://7f4s1uq7.paypal.com.account-suspended.info/verify,1
http://192.168.60.114/icici/login.php,1
http://applesupport.co-alert.net/unlock/password,1
https://icicibank.com/help/faq,0
https://www.ebay.com/,0
https://www.amazon.com/products,0
https://salesforce.com/contact,0
http://q4hx6bq.wellsfargo.top.account-suspended.info/verify,1
https://www.reddit.com/search?q=example,0
https://www.mozilla.org/store/item?id=1023,0
http://chasesupport.net-alert.net/unlock/password,1
http://wellsfargo-08s1a7gb.tk/secure/banking/confirm,1
https://www.dropbox.com/user/profile,0
https://www.amazon.com/about,0
http://instagram-secure-login.ru/verify/account,1
https://www.ebay.com/about,0
http://secure-apple.verify-account.ru/webscr?cmd=login,1
https://mozilla.org,0
http://amazon-update-billing.net/confirm?user=1,1
http://hdfc-miqd4.tk/secure/banking/confirm,1
https://spotify.com/products,0
https://www.dropbox.com/products,0
https://www.mit.edu/news/latest,0
http://amazon-secure-login.xyz/verify/account,1
https://www.bbc.com/search?q=example,0
http://chasesupport.xyz-alert.net/unlock/password,1
http://bit.ly/jr720phish,1
https://flipkart.com/store/item?id=1023,0
https://www.hdfcbank.com/blog/2024/article,0
http://49wwkqfsby.wellsfargo.net.account-suspended.info/verify,1
https://www.python.org,0
https://www.salesforce.com/about,0
https://www.microsoft.com/,0
http://secure-facebook.verify-account.com/webscr?cmd=login,1
http://amazon-kr26.tk/secure/banking/confirm,1
https://www.wordpress.com/store/item?id=1023,0
https://yahoo.com/help/faq,0
https://www.un.org/about,0
http://microsoft-7q94jby7.tk/secure/banking/confirm,1
http://instagram.net/ho2kgn6zv9/login-verify-account-ho2kgn6zv9,1
http://icici-update-billing.co/confirm?user=1,1
http://microsoftsupport.xyz-alert.net/unlock/password,1
http://ydt7cu8ju6.paypal.co.account-suspended.info/verify,1
http://bit.ly/mrx36zhbpphish,1
http://netflix.com.security-alert.com/signin,1
http://wellsfargo.ru.security-alert.com/signin,1
https://www.youtube.com,0
http://192.168.216.141/netflix/login.php,1
https://amazon.com/about,0
https://www.mit.edu/search?q=example,0
http://applesupport.com-alert.net/unlock/password,1
https://www.apple.com/user/profile,0
https://www.sbi.co.in/blog/2024/article,0
https://www.chase.com/about,0
http://chase-d93tbzqa.tk/secure/banking/confirm,1
https://paypal.com,0
https://www.hdfcbank.com/docs/api,0
https://paypal.com/,0
http://bit.ly/annreg8phish,1
http://paypal-secure-login.co/verify/account,1
https://www.youtube.com/about,0
http://netflix.info/ii06t9u/login-verify-account-ii06t9u,1
https://stackoverflow.com/products,0
http://chase-secure-login.xyz/verify/account,1
https://facebook.com/login,0
http://192.168.86.63/chase/login.php,1
https://who.int/,0
http://f6egq.facebook.xyz.account-suspended.info/verify,1
https://www.gov.uk/store/item?id=1023,0
http://wellsfargo.info/8oyy4qj/login-verify-account-8oyy4qj,1
https://office.com/account/settings,0
https://www.spotify.com/store/item?id=1023,0
